{"mean": [117467.0765, 58.957, 1894.205691893699, 0.0, 2020.312, 5.5305, 468.2349446303696, 0.0, 23493.415300000004, 0.05133717609424755, 0.0, 3.9045, 2317.2265905672853], "std": [87415.16976848268, 25.604393051250888, 1261.3243296376443, 1e-09, 973.2167199806888, 2.9433656681785383, 509.004254645502, 1e-09, 17483.033953697337, 0.0416404353913744, 1e-09, 3.6203498758889316, 18993.44255393025], "features": ["bytes_down", "pkt_count_down", "avg_pkt_size_down", "std_pkt_size_down", "bytes_up", "pkt_count_up", "avg_pkt_size_up", "std_pkt_size_up", "bitrate_down", "iat_mean_down", "iat_std_down", "burst_count_down", "ratio_down_up"]}